City_ID,City_ID,City,Country,Date,Lat,Lng,Max Temp,Humidity,Cloudiness,Wind Speed,Description
0,0,Porto Santo,PT,2022-02-01 20:28:30,33.072,-16.3415,64.31,82,20,21.85,few clouds
1,1,Kaitangata,NZ,2022-02-01 20:28:31,-46.2817,169.8464,61.41,91,100,3.65,overcast clouds
3,3,Bluff,NZ,2022-02-01 20:27:32,-46.6,168.3333,70.81,74,100,13.04,overcast clouds
4,4,Naze,JP,2022-02-01 20:25:47,28.3667,129.4833,55.63,71,100,10.74,overcast clouds
14,14,Bredasdorp,ZA,2022-02-01 20:28:35,-34.5322,20.0403,75.6,76,3,3.06,clear sky
18,18,Phrae,TH,2022-02-01 20:28:37,18.0833,100.0,62.67,64,85,1.03,overcast clouds
19,19,Port Lincoln,AU,2022-02-01 20:25:40,-34.7333,135.8667,60.66,56,52,17.87,broken clouds
25,25,Kensington,AU,2022-02-01 20:28:40,-33.9167,151.2167,72.72,93,75,18.41,light rain
26,26,San Jose,US,2022-02-01 20:24:11,37.3394,-121.895,60.91,30,0,10.0,clear sky
30,30,Mataura,NZ,2022-02-01 20:28:41,-46.1927,168.8643,70.48,66,100,5.5,overcast clouds
32,32,Taoudenni,ML,2022-02-01 20:28:42,22.6783,-3.9836,74.53,17,3,10.6,clear sky
34,34,Kabompo,ZM,2022-02-01 20:28:43,-13.5927,24.2008,64.87,93,100,1.54,overcast clouds
36,36,Cape Town,ZA,2022-02-01 20:26:45,-33.9258,18.4232,69.1,82,20,1.01,few clouds
38,38,Saldanha,ZA,2022-02-01 20:28:44,-33.0117,17.9442,66.25,97,21,9.13,few clouds
48,48,Dromolaxia,CY,2022-02-01 20:29:48,34.8761,33.586,57.65,77,40,2.3,scattered clouds
53,53,Hermanus,ZA,2022-02-01 20:27:09,-34.4187,19.2345,70.9,84,26,1.05,scattered clouds
59,59,Tahta,EG,2022-02-01 20:29:52,26.7693,31.5021,57.31,44,0,1.95,clear sky
63,63,Ahipara,NZ,2022-02-01 20:29:54,-35.1667,173.1667,70.48,83,100,15.64,overcast clouds
65,65,Barcelona,ES,2022-02-01 20:27:31,41.3888,2.159,57.33,54,0,5.01,clear sky
66,66,San Lucas Toliman,GT,2022-02-01 20:29:54,14.6333,-91.1333,73.13,60,56,5.88,broken clouds
69,69,Avera,US,2022-02-01 20:29:56,33.194,-82.5271,64.74,46,0,10.22,clear sky
71,71,Baturaja,ID,2022-02-01 20:29:56,-4.1333,104.1667,72.61,99,100,2.39,overcast clouds
74,74,Muros,ES,2022-02-01 20:27:04,42.7762,-9.0603,56.08,68,0,13.33,clear sky
79,79,Coquimbo,CL,2022-02-01 20:26:13,-29.9533,-71.3436,71.33,60,0,12.66,clear sky
82,82,Constitucion,CL,2022-02-01 20:27:13,-35.3333,-72.4167,67.37,63,5,7.47,clear sky
83,83,Los Llanos De Aridane,ES,2022-02-01 20:30:01,28.6585,-17.9182,60.55,72,75,2.3,broken clouds
89,89,Xai-Xai,MZ,2022-02-01 20:31:04,-25.0519,33.6442,75.27,84,1,7.0,clear sky
94,94,Sao Filipe,CV,2022-02-01 20:31:06,14.8961,-24.4956,74.73,75,84,2.42,broken clouds
96,96,Hanmer Springs,NZ,2022-02-01 20:31:07,-42.5167,172.8167,68.65,71,100,7.7,heavy intensity rain
97,97,Lompoc,US,2022-02-01 20:31:08,34.6391,-120.4579,67.69,30,0,14.97,clear sky
116,116,Cidreira,BR,2022-02-01 20:31:15,-30.1811,-50.2056,74.32,67,8,9.28,clear sky
117,117,Salalah,OM,2022-02-01 20:30:13,17.0151,54.0924,69.89,60,0,5.75,clear sky
121,121,Sapouy,BF,2022-02-01 20:31:16,11.5544,-1.7736,71.04,10,50,7.09,scattered clouds
124,124,Nishihara,JP,2022-02-01 20:31:18,26.1842,127.7558,61.88,94,100,8.05,mist
129,129,Hamilton,US,2022-02-01 20:31:21,39.1834,-84.5333,61.65,38,0,17.27,clear sky
135,135,Camaguey,CU,2022-02-01 20:32:23,21.3808,-77.9169,73.74,83,75,13.8,broken clouds
138,138,Wanning,CN,2022-02-01 20:32:24,18.8003,110.3967,68.13,92,96,6.22,overcast clouds
139,139,Busselton,AU,2022-02-01 20:32:24,-33.65,115.3333,60.04,67,21,18.28,few clouds
148,148,Hualmay,PE,2022-02-01 20:32:27,-11.0964,-77.6139,74.79,72,37,10.94,scattered clouds
150,150,Victoria,HK,2022-02-01 20:28:02,22.2855,114.1577,61.25,91,100,4.0,overcast clouds
153,153,Pringsewu,ID,2022-02-01 20:32:29,-5.3582,104.9744,72.37,97,100,2.37,light rain
165,165,Basco,PH,2022-02-01 20:32:33,20.4487,121.9702,73.71,75,96,17.09,overcast clouds
168,168,Port Blair,IN,2022-02-01 20:32:34,11.6667,92.75,74.66,73,19,3.71,few clouds
171,171,Palma Del Rio,ES,2022-02-01 20:32:36,37.7002,-5.2812,55.38,61,0,4.45,clear sky
179,179,Te Anau,NZ,2022-02-01 20:32:39,-45.4167,167.7167,66.49,95,95,4.29,overcast clouds
182,182,Ribeira Grande,PT,2022-02-01 20:33:40,38.5167,-28.7,61.2,77,20,19.57,few clouds
183,183,Vila Franca Do Campo,PT,2022-02-01 20:33:41,37.7167,-25.4333,59.2,79,84,11.12,broken clouds
185,185,Tshane,BW,2022-02-01 20:33:41,-24.0196,21.8684,74.07,66,50,10.25,scattered clouds
190,190,Ponta Delgada,PT,2022-02-01 20:28:52,37.7333,-25.6667,59.5,77,20,6.91,few clouds
192,192,Chandler,US,2022-02-01 20:30:53,33.3062,-111.8412,68.95,26,75,0.0,broken clouds
193,193,Anjar,IN,2022-02-01 20:33:44,23.1333,70.0167,69.3,58,0,4.43,clear sky
195,195,Gondanglegi,ID,2022-02-01 20:33:44,-7.7479,112.0132,73.36,93,61,0.38,broken clouds
198,198,Nchelenge,ZM,2022-02-01 20:33:45,-9.3451,28.734,70.23,85,97,7.36,light rain
200,200,Rustenburg,ZA,2022-02-01 20:33:46,-25.6676,27.2421,70.93,47,98,2.17,overcast clouds
203,203,Chuy,UY,2022-02-01 20:33:47,-33.6971,-53.4616,71.35,51,0,9.57,clear sky
206,206,Lagoa,PT,2022-02-01 20:33:48,39.05,-27.9833,58.44,75,59,17.4,broken clouds
207,207,Galesong,ID,2022-02-01 20:33:49,-5.3166,119.3661,75.22,83,100,3.8,overcast clouds
213,213,Macenta,GN,2022-02-01 20:33:51,8.5435,-9.471,72.79,20,100,2.91,overcast clouds
218,218,Namikupa,TZ,2022-02-01 20:33:54,-10.8333,39.6,71.4,98,100,2.08,light rain
219,219,Iberia,US,2022-02-01 20:33:54,29.9502,-91.7507,71.98,68,100,18.41,moderate rain
224,224,Bengkulu,ID,2022-02-01 20:34:56,-3.8004,102.2655,73.81,85,100,5.91,overcast clouds
227,227,Guerrero Negro,MX,2022-02-01 20:34:57,27.9769,-114.0611,64.42,57,100,12.44,overcast clouds
239,239,Luangwa,ZM,2022-02-01 20:35:01,-15.6167,30.4167,72.25,94,5,1.7,clear sky
240,240,Coihaique,CL,2022-02-01 20:31:26,-45.5752,-72.0662,68.61,37,75,10.36,broken clouds
244,244,Masvingo,ZW,2022-02-01 20:33:19,-20.0637,30.8277,70.97,63,93,4.52,overcast clouds
246,246,Guiratinga,BR,2022-02-01 20:35:04,-16.3494,-53.7583,75.25,89,80,4.76,broken clouds
247,247,Ikwiriri,TZ,2022-02-01 20:35:04,-7.9562,38.9716,73.76,96,2,2.17,light rain
248,248,Bukama,CD,2022-02-01 20:35:05,-9.2,25.85,69.96,96,96,0.98,overcast clouds
251,251,Kruisfontein,ZA,2022-02-01 20:32:32,-34.0033,24.7314,74.88,68,100,4.94,overcast clouds
257,257,Brownsville,US,2022-02-01 20:35:08,25.9018,-97.4975,71.89,77,40,8.05,scattered clouds
259,259,Arlit,NE,2022-02-01 20:35:09,18.7369,7.3853,64.71,11,3,8.14,clear sky
266,266,Esperance,AU,2022-02-01 20:35:12,-33.8667,121.9,58.84,69,44,13.73,scattered clouds
267,267,Cockburn Town,TC,2022-02-01 20:35:12,21.4612,-71.1419,75.22,76,3,20.36,clear sky
269,269,Tunduma,TZ,2022-02-01 20:35:13,-9.3,32.7667,59.4,99,100,3.56,light rain
271,271,Airai,TL,2022-02-01 20:36:14,-8.9266,125.4092,59.23,83,80,2.98,broken clouds
284,284,Sa Kaeo,TH,2022-02-01 20:36:19,13.75,102.3333,75.15,84,25,5.17,scattered clouds
285,285,Namibe,AO,2022-02-01 20:32:23,-15.1961,12.1522,73.13,70,24,11.59,few clouds
290,290,Kibala,TD,2022-02-01 20:36:21,9.1104,18.3463,75.15,31,0,0.0,clear sky
295,295,East London,ZA,2022-02-01 20:36:23,-33.0153,27.9116,75.81,87,100,6.08,overcast clouds
296,296,Dingle,PH,2022-02-01 20:36:23,10.9995,122.6711,73.27,94,81,7.67,broken clouds
303,303,Meulaboh,ID,2022-02-01 20:36:26,4.1363,96.1285,75.2,88,91,4.16,overcast clouds
313,313,Kaoma,ZM,2022-02-01 20:36:30,-14.7833,24.8,63.86,93,46,1.1,scattered clouds
322,322,Laguna,US,2022-02-01 20:33:11,38.421,-121.4238,62.44,30,0,11.99,clear sky
324,324,Carnarvon,AU,2022-02-01 20:37:34,-24.8667,113.6333,75.27,83,100,16.11,overcast clouds
327,327,Kapit,MY,2022-02-01 20:37:35,2.0167,112.9333,71.69,99,92,0.96,overcast clouds
328,328,Rwamagana,RW,2022-02-01 20:37:36,-1.9487,30.4347,65.64,90,100,0.96,overcast clouds
331,331,Huarmey,PE,2022-02-01 20:37:37,-10.0681,-78.1522,75.04,72,100,10.09,overcast clouds
332,332,Buluang,PH,2022-02-01 20:37:37,13.3068,123.3425,74.79,91,100,4.65,overcast clouds
333,333,Jega,NG,2022-02-01 20:37:38,12.2175,4.3792,68.99,14,0,10.2,clear sky
334,334,Cam Ranh,VN,2022-02-01 20:37:38,11.9214,109.1591,73.36,83,20,5.75,few clouds
336,336,Kharan,PK,2022-02-01 20:37:39,28.5833,65.4167,60.22,22,0,2.13,clear sky
337,337,Misratah,LY,2022-02-01 20:37:39,32.3754,15.0925,55.8,55,52,30.76,broken clouds
340,340,Ponta Do Sol,PT,2022-02-01 20:37:41,32.6667,-17.1,67.01,72,48,11.81,scattered clouds
348,348,Callaway,US,2022-02-01 20:37:44,30.153,-85.5699,70.18,42,0,8.01,clear sky
351,351,Kisangani,CD,2022-02-01 20:37:14,0.5167,25.2,72.81,69,99,2.59,overcast clouds
354,354,Nouadhibou,MR,2022-02-01 20:37:46,20.931,-17.0347,73.38,56,91,10.36,overcast clouds
357,357,Ouesso,CG,2022-02-01 20:37:48,1.6136,16.0517,74.19,30,56,1.72,broken clouds
358,358,Vila Do Maio,CV,2022-02-01 20:37:48,15.1333,-23.2167,75.99,80,100,8.59,overcast clouds
363,363,Wagar,SD,2022-02-01 20:38:50,16.1525,36.2032,69.22,57,0,14.07,clear sky
364,364,Awallan,PH,2022-02-01 20:38:51,17.9244,121.913,68.94,92,82,3.74,broken clouds
365,365,San Nicolas,PH,2022-02-01 20:38:51,18.1725,120.5953,72.19,79,15,5.37,few clouds
368,368,Lebu,CL,2022-02-01 20:38:52,-37.6167,-73.65,64.31,76,0,12.35,clear sky
370,370,Kamina,CD,2022-02-01 20:34:02,-8.7386,24.9906,64.63,95,93,1.07,overcast clouds
371,371,Taltal,CL,2022-02-01 20:38:53,-25.4,-70.4833,68.88,68,20,4.65,few clouds
381,381,Rio Gallegos,AR,2022-02-01 20:38:57,-51.6226,-69.2181,57.25,30,75,39.12,broken clouds
385,385,Faya,SA,2022-02-01 20:35:15,18.3851,42.4509,55.92,66,13,4.88,few clouds
392,392,Danielskuil,ZA,2022-02-01 20:39:02,-28.1887,23.5395,70.07,70,99,5.79,light rain
393,393,Dunedin,NZ,2022-02-01 20:39:02,-45.8742,170.5036,65.28,72,100,12.1,overcast clouds
395,395,Peniche,PT,2022-02-01 20:39:03,39.3558,-9.3811,57.74,74,0,4.21,clear sky
403,403,Waipawa,NZ,2022-02-01 20:39:06,-41.4122,175.5153,68.63,54,100,8.88,overcast clouds
406,406,El Dorado,US,2022-02-01 20:40:07,38.7666,-120.5177,55.42,21,0,1.99,clear sky
407,407,Takaka,NZ,2022-02-01 20:40:08,-40.85,172.8,69.98,96,100,7.52,overcast clouds
408,408,Davidson,US,2022-02-01 20:40:08,36.1501,-86.7833,66.49,32,40,11.99,scattered clouds
411,411,Gayeri,BF,2022-02-01 20:40:09,12.6497,0.4931,70.65,8,50,9.31,scattered clouds
412,412,Tessalit,ML,2022-02-01 20:40:10,20.1986,1.0114,68.65,16,100,12.06,overcast clouds
417,417,Yulara,AU,2022-02-01 20:40:12,-25.2406,130.9889,67.84,94,75,12.66,broken clouds
423,423,Rantepao,ID,2022-02-01 20:40:14,-2.9701,119.8978,67.01,93,100,1.81,moderate rain
424,424,Port Said,EG,2022-02-01 20:40:15,31.2565,32.2841,58.98,72,20,5.75,few clouds
426,426,Cayenne,GF,2022-02-01 20:36:47,4.9333,-52.3333,75.24,92,75,3.0,moderate rain
428,428,Bintulu,MY,2022-02-01 20:40:16,3.1667,113.0333,75.61,94,20,1.01,few clouds
431,431,Pacific Grove,US,2022-02-01 20:38:47,36.6177,-121.9166,61.11,39,0,8.99,clear sky
437,437,Vangaindrano,MG,2022-02-01 20:40:19,-23.35,47.6,73.53,85,4,5.57,light rain
438,438,Taki,IN,2022-02-01 20:40:20,22.5861,88.9214,64.35,59,2,4.43,clear sky
445,445,Merauke,ID,2022-02-01 20:40:23,-8.4667,140.3333,75.13,90,100,10.22,overcast clouds
446,446,Hambantota,LK,2022-02-01 20:40:23,6.1241,81.1185,72.45,82,1,13.09,clear sky
448,448,Rocha,UY,2022-02-01 20:40:24,-34.4833,-54.3333,72.12,54,0,8.97,clear sky
452,452,Itoman,JP,2022-02-01 20:41:26,26.1247,127.6694,62.62,92,100,12.66,mist
456,456,Gawler,AU,2022-02-01 20:41:28,-34.6,138.7333,60.48,67,9,8.46,clear sky
461,461,Eyl,SO,2022-02-01 20:41:29,7.9803,49.8164,75.6,82,100,16.6,overcast clouds
463,463,Talcahuano,CL,2022-02-01 20:41:30,-36.7167,-73.1167,67.68,60,0,11.5,clear sky
465,465,Mecca,SA,2022-02-01 20:40:59,21.4267,39.8261,67.82,42,3,4.41,clear sky
466,466,Manono,CD,2022-02-01 20:41:31,-7.3,27.4167,69.42,94,100,2.13,overcast clouds
473,473,Adwa,ET,2022-02-01 20:41:34,14.1646,38.8955,61.41,72,27,3.85,scattered clouds
474,474,Marawi,PH,2022-02-01 20:39:20,7.9986,124.2928,63.64,94,100,1.3,overcast clouds
475,475,Asosa,ET,2022-02-01 20:41:35,10.0667,34.5333,64.54,29,72,4.29,broken clouds
479,479,Kovur,IN,2022-02-01 20:41:36,14.4833,79.9833,68.49,76,6,4.61,heavy intensity rain
481,481,Sanchi,IN,2022-02-01 20:41:37,23.4833,77.7333,58.51,61,0,1.63,clear sky
483,483,Panguna,PG,2022-02-01 20:41:38,-6.3164,155.4848,72.19,91,91,1.28,overcast clouds
484,484,Ancud,CL,2022-02-01 20:41:38,-41.8697,-73.8203,66.22,81,100,8.57,overcast clouds
485,485,Santa Cruz De Tenerife,ES,2022-02-01 20:39:28,28.4682,-16.2546,73.8,72,20,1.99,few clouds
486,486,Zhuhai,CN,2022-02-01 20:38:22,22.2769,113.5678,60.98,94,40,13.8,scattered clouds
493,493,Bud,US,2022-02-01 20:41:41,39.447,-86.1758,62.55,67,99,13.65,overcast clouds
497,497,Yala,TH,2022-02-01 20:42:43,6.3333,101.25,69.58,98,46,2.35,scattered clouds
503,503,Palu,ID,2022-02-01 20:42:45,-0.8917,119.8707,73.72,90,100,3.76,overcast clouds
504,504,Sokoto,NG,2022-02-01 20:42:45,13.0609,5.239,67.69,14,6,9.69,clear sky
506,506,Tanauan,PH,2022-02-01 20:42:46,14.0863,121.1498,74.21,85,43,7.29,scattered clouds
511,511,Miraflores,MX,2022-02-01 20:42:48,19.2167,-98.8083,73.02,24,0,2.66,clear sky
515,515,Ulladulla,AU,2022-02-01 20:42:50,-35.35,150.4667,68.77,89,100,11.83,light rain
521,521,Dhuburi,IN,2022-02-01 20:42:53,26.0333,89.9667,56.79,85,55,10.74,broken clouds
522,522,Kaeo,NZ,2022-02-01 20:42:53,-35.1,173.7833,73.33,85,100,13.2,overcast clouds
523,523,Hargeysa,SO,2022-02-01 20:42:54,9.56,44.065,59.09,96,98,12.39,overcast clouds
530,530,Coromandel,BR,2022-02-01 20:42:57,-18.4733,-47.2003,71.42,90,97,3.94,overcast clouds
539,539,Nelson Bay,AU,2022-02-01 20:44:01,-32.7167,152.15,73.96,93,100,1.01,overcast clouds
540,540,Suez,EG,2022-02-01 20:44:01,29.9737,32.5263,56.23,57,0,4.94,clear sky
541,541,Tanout,NE,2022-02-01 20:44:01,14.9709,8.8879,58.84,15,1,9.17,clear sky
544,544,Lebowakgomo,ZA,2022-02-01 20:44:03,-24.2,29.5,68.9,75,0,5.1,clear sky
545,545,Pecos,US,2022-02-01 20:44:03,31.4229,-103.4932,71.69,13,0,16.11,clear sky
549,549,Sibolga,ID,2022-02-01 20:44:05,1.7427,98.7792,73.58,95,100,0.27,overcast clouds
550,550,Lakes Entrance,AU,2022-02-01 20:44:05,-37.8811,147.981,59.58,68,20,14.18,few clouds
552,552,Daru,PG,2022-02-01 20:44:06,-9.0763,143.2092,74.88,92,100,10.45,overcast clouds
558,558,Dakoro,NE,2022-02-01 20:44:09,14.5106,6.765,61.93,13,1,8.99,clear sky
560,560,Lundazi,ZM,2022-02-01 20:44:09,-12.2929,33.1782,64.09,94,15,6.38,few clouds
564,564,Dwarka,IN,2022-02-01 20:44:11,22.2394,68.9678,71.2,75,1,7.4,clear sky
565,565,Oudtshoorn,ZA,2022-02-01 20:44:11,-33.5907,22.2014,66.56,63,40,2.08,light rain
572,572,Ilo,PE,2022-02-01 20:39:32,-17.6394,-71.3375,72.45,73,99,9.19,overcast clouds
577,577,Clarence Town,AU,2022-02-01 20:44:16,-32.5833,151.7833,75.27,90,100,4.76,overcast clouds
580,580,Makanya,TZ,2022-02-01 20:44:17,-4.3667,37.8333,70.75,81,61,1.3,broken clouds
593,593,Tuatapere,NZ,2022-02-01 20:45:22,-46.1333,167.6833,72.82,77,97,7.45,overcast clouds
596,596,Bandar,ID,2022-02-01 20:45:24,2.05,99.75,71.29,97,100,2.37,overcast clouds
599,599,Aswan,EG,2022-02-01 20:45:25,24.0934,32.907,60.1,38,0,5.75,clear sky
600,600,Ambilobe,MG,2022-02-01 20:45:25,-13.2,49.05,73.65,96,100,1.63,moderate rain
603,603,Catuday,PH,2022-02-01 20:45:26,16.2923,119.8062,74.75,74,4,13.42,clear sky
607,607,Kutum,SD,2022-02-01 20:45:28,14.2,24.6667,58.69,22,5,6.64,clear sky
611,611,Blythe,US,2022-02-01 20:45:30,33.6103,-114.5964,69.03,14,0,0.0,clear sky
612,612,Vondrozo,MG,2022-02-01 20:45:30,-22.8167,47.2833,65.75,95,0,2.8,light rain
615,615,Asyut,EG,2022-02-01 20:45:31,27.181,31.1837,57.38,46,0,1.57,clear sky
616,616,Porterville,US,2022-02-01 20:45:32,36.0652,-119.0168,57.67,81,100,8.05,haze
623,623,Araouane,ML,2022-02-01 20:45:34,18.9048,-3.5265,72.1,12,79,10.29,broken clouds
626,626,Chicama,PE,2022-02-01 20:45:36,-7.8447,-79.1469,66.74,57,53,12.3,broken clouds
627,627,San Quintin,MX,2022-02-01 20:45:36,30.4833,-115.95,61.56,65,58,12.03,broken clouds
630,630,Kiunga,PG,2022-02-01 20:45:37,-6.1219,141.2906,71.31,98,100,0.6,overcast clouds
633,633,Veraval,IN,2022-02-01 20:45:38,20.9,70.3667,69.84,74,2,6.78,clear sky
635,635,Davila,PH,2022-02-01 20:46:39,18.4726,120.5763,73.58,80,14,12.15,few clouds
637,637,Koudougou,BF,2022-02-01 20:46:40,12.25,-2.3667,75.0,9,41,9.91,scattered clouds
639,639,Dalbandin,PK,2022-02-01 20:46:41,28.8947,64.4101,59.72,23,2,3.49,clear sky
644,644,Areado,BR,2022-02-01 20:46:43,-21.3586,-46.1456,69.6,92,100,4.68,overcast clouds
647,647,Malanje,AO,2022-02-01 20:46:44,-9.5402,16.341,64.81,87,60,4.14,broken clouds
651,651,Padang,ID,2022-02-01 20:46:46,-0.9492,100.3543,75.96,87,100,3.42,heavy intensity rain
657,657,Nortelandia,BR,2022-02-01 20:44:05,-14.4547,-56.8028,74.05,91,92,4.52,overcast clouds
659,659,Sampit,ID,2022-02-01 20:46:50,-2.5333,112.95,72.84,99,60,0.98,broken clouds
663,663,Camacha,PT,2022-02-01 20:46:51,33.0833,-16.3333,63.54,88,20,17.27,few clouds
664,664,Kimbe,PG,2022-02-01 20:46:52,-5.5502,150.1429,75.43,96,100,1.54,moderate rain
676,676,Dicabisagan,PH,2022-02-01 20:46:57,17.0818,122.4157,72.14,84,86,5.14,overcast clouds
677,677,Jiwani,PK,2022-02-01 20:46:57,25.05,61.7417,73.08,75,0,16.69,clear sky
679,679,Champasak,LA,2022-02-01 20:46:58,14.75,106.0,72.41,74,84,1.97,broken clouds
680,680,Teseney,ER,2022-02-01 20:46:58,15.11,36.6575,70.38,55,1,10.56,clear sky
681,681,Hartselle,US,2022-02-01 20:46:59,34.4434,-86.9353,65.52,48,1,11.68,clear sky
685,685,Maldonado,UY,2022-02-01 20:43:59,-34.6667,-54.9167,74.59,46,0,9.86,clear sky
692,692,Opelousas,US,2022-02-01 20:48:03,30.5335,-92.0815,73.22,64,100,13.8,overcast clouds
698,698,Nabire,ID,2022-02-01 20:48:05,-3.3667,135.4833,74.07,91,100,3.15,overcast clouds
701,701,Prieska,ZA,2022-02-01 20:48:06,-29.6641,22.7474,68.54,86,100,3.76,overcast clouds
702,702,Praya,CV,2022-02-01 20:48:07,14.9215,-23.5087,75.74,69,98,12.66,overcast clouds
705,705,Ginir,ET,2022-02-01 20:48:08,7.1333,40.7,60.98,39,100,5.12,overcast clouds
707,707,Flinders,AU,2022-02-01 20:48:09,-34.5833,150.8552,70.21,89,100,11.01,light rain
709,709,Collie,AU,2022-02-01 20:48:10,-33.3667,116.15,56.98,74,52,12.93,broken clouds
717,717,Hirara,JP,2022-02-01 20:48:14,24.8,125.2833,68.94,69,73,19.08,broken clouds
718,718,Redlands,US,2022-02-01 20:44:14,34.0556,-117.1825,63.1,59,40,0.0,scattered clouds
729,729,Dicamay,PH,2022-02-01 20:49:19,16.7561,122.0037,65.57,94,24,2.46,few clouds
735,735,Moree,AU,2022-02-01 20:49:21,-29.4667,149.85,75.22,88,100,5.75,overcast clouds
739,739,Thohoyandou,ZA,2022-02-01 20:49:22,-22.9456,30.485,68.07,80,0,2.46,clear sky
743,743,Taungdwingyi,MM,2022-02-01 20:49:23,20.0167,95.55,57.45,37,10,5.84,clear sky
746,746,Sibu,MY,2022-02-01 20:49:25,2.3,111.8167,73.71,100,40,0.0,scattered clouds
747,747,Knysna,ZA,2022-02-01 20:49:25,-34.0363,23.0471,70.18,82,35,2.95,scattered clouds
749,749,Mwene-Ditu,CD,2022-02-01 20:49:26,-7.0,23.45,66.49,95,100,0.83,overcast clouds
750,750,El Prat De Llobregat,ES,2022-02-01 20:49:26,41.3278,2.0947,56.73,55,0,1.14,clear sky
751,751,Codrington,AU,2022-02-01 20:49:27,-38.2667,141.9667,57.72,53,54,12.62,broken clouds
752,752,Bandar-E Lengeh,IR,2022-02-01 20:49:27,26.5579,54.8807,69.13,71,0,17.38,clear sky
755,755,Viru,PE,2022-02-01 20:49:29,-8.4167,-78.75,67.3,54,58,11.9,broken clouds
758,758,Scottsboro,US,2022-02-01 20:49:30,34.6723,-86.0341,65.12,31,0,11.5,clear sky
759,759,Abonnema,NG,2022-02-01 20:49:30,4.7084,6.7931,75.49,66,38,8.05,scattered clouds
760,760,Teguise,ES,2022-02-01 20:49:31,29.0605,-13.564,68.22,33,0,6.91,clear sky
763,763,Willowmore,ZA,2022-02-01 20:49:32,-33.2926,23.4895,74.34,70,100,3.96,overcast clouds
765,765,Diffa,NE,2022-02-01 20:49:33,13.3154,12.6113,62.83,20,1,6.76,clear sky
766,766,Tambopata,PE,2022-02-01 20:49:33,-12.7333,-69.1833,73.29,94,75,3.44,broken clouds
778,778,Ixtlahuacan Del Rio,MX,2022-02-01 20:50:38,20.8667,-103.25,75.27,15,0,10.27,clear sky
779,779,Adrar,MR,2022-02-01 20:50:38,20.5022,-10.0711,74.66,15,98,10.22,overcast clouds
789,789,Vryburg,ZA,2022-02-01 20:50:43,-26.9566,24.7284,71.74,67,53,4.05,broken clouds
791,791,Victor Harbor,AU,2022-02-01 20:50:44,-35.5667,138.6167,61.0,62,80,3.0,broken clouds
792,792,Gorontalo,ID,2022-02-01 20:50:44,0.5412,123.0595,73.17,93,86,3.83,overcast clouds
793,793,Forbes,AU,2022-02-01 20:50:44,-33.3833,148.0167,69.93,58,100,10.27,light rain
794,794,Madison,US,2022-02-01 20:48:30,34.7334,-86.5667,64.71,34,0,3.0,clear sky
801,801,Rabo De Peixe,PT,2022-02-01 20:50:47,37.8,-25.5833,57.27,95,20,6.91,few clouds
805,805,Nkhotakota,MW,2022-02-01 20:50:49,-12.9274,34.2961,74.25,82,30,2.75,light rain
806,806,Komatipoort,ZA,2022-02-01 20:50:49,-25.4332,31.9548,75.06,94,0,1.83,clear sky
813,813,Khash,IR,2022-02-01 20:50:52,28.2211,61.2158,56.41,40,0,16.55,clear sky
815,815,Jalu,LY,2022-02-01 20:50:53,29.0331,21.5482,58.01,34,91,13.13,overcast clouds
816,816,Abu Zabad,SD,2022-02-01 20:50:53,12.35,29.25,64.0,19,8,10.2,clear sky
818,818,Popondetta,PG,2022-02-01 20:50:54,-8.7537,148.2534,74.84,93,100,2.15,overcast clouds
824,824,Mildura,AU,2022-02-01 20:50:32,-34.2,142.15,55.36,67,1,8.05,clear sky
829,829,Fortuna Foothills,US,2022-02-01 20:51:58,32.6578,-114.4119,74.21,13,0,3.0,clear sky
830,830,Benghazi,LY,2022-02-01 20:51:58,32.1167,20.0667,57.54,67,89,25.1,overcast clouds
844,844,Mutoko,ZW,2022-02-01 20:52:03,-17.397,32.2268,63.66,89,0,2.82,clear sky
846,846,Ngunguru,NZ,2022-02-01 20:52:04,-35.6167,174.5,73.17,80,100,17.72,overcast clouds
853,853,Kawalu,ID,2022-02-01 20:52:07,-7.3817,108.2082,72.88,94,97,2.42,overcast clouds
856,856,Madisonville,US,2022-02-01 20:49:57,37.3281,-87.4989,65.01,55,25,12.39,scattered clouds
858,858,Tabuk,PH,2022-02-01 20:52:09,17.4189,121.4443,68.68,89,92,2.35,overcast clouds
862,862,Bullhead City,US,2022-02-01 20:52:10,35.1478,-114.5683,64.72,20,100,25.32,overcast clouds
866,866,Odweyne,SO,2022-02-01 20:52:12,9.4092,45.064,65.66,66,100,10.85,overcast clouds
868,868,Sompeta,IN,2022-02-01 20:52:13,18.9333,84.6,69.13,79,3,5.84,clear sky
871,871,Demba,CD,2022-02-01 20:53:14,-5.51,22.2667,70.39,83,81,2.55,broken clouds
872,872,Giraldo,CO,2022-02-01 20:53:14,6.6831,-75.9892,72.84,56,38,4.63,scattered clouds
875,875,Ishigaki,JP,2022-02-01 20:53:15,24.3448,124.1572,69.58,73,100,17.45,overcast clouds
877,877,Cove,BJ,2022-02-01 20:53:16,7.221,2.3402,75.45,33,2,4.74,clear sky
889,889,Riwaka,NZ,2022-02-01 20:50:08,-41.0833,173.0,70.02,95,100,8.21,light rain
894,894,Maridi,SS,2022-02-01 20:53:23,4.9158,29.4742,74.39,25,100,3.51,overcast clouds
896,896,Gore,NZ,2022-02-01 20:53:23,-46.1028,168.9436,73.22,67,100,7.05,overcast clouds
899,899,Zambezi,ZM,2022-02-01 20:53:25,-13.5432,23.1047,67.44,86,100,1.88,overcast clouds
912,912,Karachi,PK,2022-02-01 20:53:30,24.9056,67.0822,69.62,83,1,5.75,smoke
913,913,Gidam,IN,2022-02-01 20:53:30,18.9833,81.4,59.27,40,0,2.15,clear sky
916,916,Nicosia,CY,2022-02-01 20:54:32,35.1667,33.3667,57.29,87,40,3.44,scattered clouds
919,919,Sawakin,SD,2022-02-01 20:54:33,19.1059,37.3321,69.13,63,15,7.29,few clouds
929,929,Tarija,BO,2022-02-01 20:54:37,-21.5355,-64.7296,69.71,60,100,4.61,overcast clouds
933,933,Madiun,ID,2022-02-01 20:54:38,-7.6298,111.5239,73.42,94,48,1.99,scattered clouds
934,934,Gao,ML,2022-02-01 20:54:39,16.6362,1.637,68.07,10,66,9.62,broken clouds
935,935,Alto Araguaia,BR,2022-02-01 20:53:09,-17.3147,-53.2153,72.03,92,97,6.35,overcast clouds
939,939,Bogale,MM,2022-02-01 20:53:27,16.2833,95.4,61.95,62,36,5.99,scattered clouds
944,944,Banikoara,BJ,2022-02-01 20:54:42,11.2985,2.4386,72.14,14,8,5.57,clear sky
945,945,Iranshahr,IR,2022-02-01 20:54:43,27.2025,60.6848,61.14,51,0,0.0,clear sky
947,947,Quang Ngai,VN,2022-02-01 20:52:54,15.1167,108.8,69.53,91,99,5.3,overcast clouds
953,953,Nguru,NG,2022-02-01 20:54:47,12.8791,10.4526,63.63,14,1,8.55,clear sky
954,954,Alice Springs,AU,2022-02-01 20:54:47,-23.7,133.8833,71.15,100,100,9.22,moderate rain
957,957,Broken Hill,AU,2022-02-01 20:54:48,-31.95,141.4333,58.71,58,40,21.85,scattered clouds
958,958,Keelung,TW,2022-02-01 20:54:49,25.1283,121.7419,60.94,91,100,12.19,overcast clouds
962,962,Dong Hoi,VN,2022-02-01 20:55:51,17.4833,106.6,63.52,88,100,8.25,overcast clouds
973,973,Sangmelima,CM,2022-02-01 20:55:55,2.9333,11.9833,73.47,59,84,3.85,broken clouds
976,976,Warrnambool,AU,2022-02-01 20:55:57,-38.3833,142.4833,55.81,55,68,12.95,broken clouds
978,978,Matongo,TZ,2022-02-01 20:55:58,-2.3833,34.0833,62.82,92,95,3.96,light rain
981,981,Saint Pete Beach,US,2022-02-01 20:55:59,27.7253,-82.7412,75.25,43,16,3.0,few clouds
982,982,Mangrol,IN,2022-02-01 20:56:00,21.1167,70.1167,69.48,66,3,7.49,clear sky
983,983,Bryan,US,2022-02-01 20:56:00,30.6744,-96.37,68.09,79,100,3.44,overcast clouds
984,984,Daoukro,CI,2022-02-01 20:56:01,7.0591,-3.9631,74.71,17,85,2.28,overcast clouds
985,985,Kariba,ZW,2022-02-01 20:56:01,-16.5167,28.8,70.5,89,1,4.32,clear sky
988,988,Marsh Harbour,BS,2022-02-01 20:54:24,26.5412,-77.0636,68.14,54,100,15.05,overcast clouds
990,990,Natchitoches,US,2022-02-01 20:56:03,31.7668,-93.1335,65.35,82,100,14.97,overcast clouds
991,991,Akaltara,IN,2022-02-01 20:56:03,22.0167,82.4333,59.67,38,1,3.78,clear sky
992,992,Hima,UG,2022-02-01 20:56:04,0.2958,30.1804,69.55,65,94,1.52,overcast clouds
993,993,Chipinge,ZW,2022-02-01 20:56:04,-20.1883,32.6236,63.73,78,0,4.72,clear sky
1002,1002,Surt,LY,2022-02-01 20:57:08,31.2089,16.5887,56.62,52,45,23.98,scattered clouds
1005,1005,Ambon,ID,2022-02-01 20:57:09,-3.6954,128.1814,75.34,94,40,5.75,scattered clouds
1006,1006,Suclayin,PH,2022-02-01 20:57:09,15.7568,121.5503,71.02,91,81,5.99,light rain
1008,1008,Pimenta Bueno,BR,2022-02-01 20:56:07,-11.6725,-61.1936,75.51,95,93,2.75,overcast clouds
1013,1013,Kadiri,IN,2022-02-01 20:57:12,14.1167,78.1667,68.54,65,5,4.99,clear sky
1016,1016,Matao,BR,2022-02-01 20:57:13,-21.6033,-48.3658,70.65,94,99,4.74,overcast clouds
1019,1019,Sur,OM,2022-02-01 20:57:14,22.5667,59.5289,72.45,67,5,1.61,clear sky
1021,1021,Beloha,MG,2022-02-01 20:54:05,-25.1667,45.05,73.26,82,0,18.9,clear sky
1024,1024,Bacolod,PH,2022-02-01 20:57:16,10.6667,122.95,75.87,86,100,8.7,overcast clouds
1025,1025,Calatayud,ES,2022-02-01 20:57:17,41.3535,-1.6432,55.98,82,0,1.95,clear sky
1026,1026,Riberalta,BO,2022-02-01 20:57:17,-10.9833,-66.1,71.8,100,100,13.8,heavy intensity rain
1027,1027,Kamphaeng Phet,TH,2022-02-01 20:57:17,16.25,99.5,69.85,42,74,3.74,broken clouds
1031,1031,Mafeteng,LS,2022-02-01 20:57:19,-29.823,27.2374,61.43,84,91,3.11,overcast clouds
1033,1033,Barcelos,PT,2022-02-01 20:57:20,41.5388,-8.6151,62.74,72,0,5.73,clear sky
1042,1042,Empalme,MX,2022-02-01 20:57:23,27.9667,-110.8167,72.36,33,90,10.71,overcast clouds
1043,1043,Ndele,CF,2022-02-01 20:57:24,8.4109,20.6473,73.76,19,92,3.85,overcast clouds
1047,1047,Quata,BR,2022-02-01 20:57:26,-22.2475,-50.6983,73.4,88,100,4.23,heavy intensity rain
1053,1053,Kindu,CD,2022-02-01 20:58:28,-2.95,25.95,71.15,87,100,0.69,overcast clouds
1055,1055,Katsina,NG,2022-02-01 20:58:28,12.9894,7.6006,63.07,16,0,8.57,clear sky
1056,1056,Copperas Cove,US,2022-02-01 20:58:29,31.1241,-97.9031,65.55,75,100,0.0,overcast clouds
1058,1058,Mareeba,AU,2022-02-01 20:58:30,-17.0,145.4333,74.44,96,82,3.47,broken clouds
1059,1059,Darnah,LY,2022-02-01 20:58:30,32.767,22.6367,55.65,58,100,20.24,overcast clouds
1066,1066,Narrabri,AU,2022-02-01 20:58:33,-30.3167,149.7833,71.53,95,100,1.01,light rain
1067,1067,Plettenberg Bay,ZA,2022-02-01 20:58:34,-34.0527,23.3716,73.54,86,56,3.74,broken clouds
1079,1079,Bilma,NE,2022-02-01 20:58:20,18.6853,12.9164,58.78,20,0,6.55,clear sky
1080,1080,Port Hueneme,US,2022-02-01 20:58:39,34.1478,-119.1951,68.45,61,100,4.61,overcast clouds
1086,1086,Birao,CF,2022-02-01 20:58:42,10.2849,22.7882,67.95,21,39,5.86,scattered clouds
1090,1090,Doha,QA,2022-02-01 20:58:43,25.2867,51.5333,64.38,82,0,14.97,clear sky
1093,1093,Martapura,ID,2022-02-01 20:55:28,-3.4167,114.85,75.29,100,100,2.3,overcast clouds
1094,1094,Caluquembe,AO,2022-02-01 20:59:45,-13.7833,14.6833,60.1,57,100,5.77,overcast clouds
1104,1104,Danane,CI,2022-02-01 20:59:48,7.2596,-8.155,71.91,22,100,1.3,overcast clouds
1107,1107,Miami Beach,US,2022-02-01 20:55:46,25.7906,-80.1301,73.42,56,100,3.0,overcast clouds
1110,1110,Abu Dhabi,AE,2022-02-01 20:59:50,24.4667,54.3667,69.91,84,0,1.14,clear sky
1111,1111,Liwale,TZ,2022-02-01 20:59:51,-9.7667,37.9333,69.03,97,11,1.03,light rain
1112,1112,Tecolutla,MX,2022-02-01 20:59:51,20.4833,-97.0167,74.28,73,46,8.55,scattered clouds
1120,1120,Barmer,IN,2022-02-01 20:59:54,25.75,71.3833,63.99,22,0,1.72,clear sky
1121,1121,Brownwood,US,2022-02-01 20:59:32,31.7093,-98.9912,70.92,45,0,11.5,clear sky
1124,1124,Santa,PH,2022-02-01 20:59:56,17.486,120.4348,71.37,81,5,4.9,clear sky
1127,1127,Diamantino,BR,2022-02-01 20:59:57,-14.4086,-56.4461,75.6,88,86,6.82,overcast clouds
1129,1129,Gainesville,US,2022-02-01 20:59:30,29.6516,-82.3248,71.78,46,20,1.01,few clouds
1131,1131,Ouadda,CF,2022-02-01 20:59:58,8.0777,22.4007,68.81,26,43,4.32,scattered clouds
1133,1133,Camana,PE,2022-02-01 20:59:59,-16.6228,-72.7111,73.92,75,74,9.71,broken clouds
1137,1137,Las Vegas,US,2022-02-01 20:59:08,36.175,-115.1372,62.11,20,38,10.0,scattered clouds
1155,1155,Maradi,NE,2022-02-01 21:01:09,13.5,7.1017,63.37,15,1,9.26,clear sky
1160,1160,Mmabatho,ZA,2022-02-01 21:01:11,-25.85,25.6333,74.34,53,96,8.41,overcast clouds
1164,1164,Manado,ID,2022-02-01 21:01:12,1.487,124.8455,75.97,100,40,1.14,scattered clouds
1165,1165,Pansemal,IN,2022-02-01 21:01:13,21.65,74.7,68.65,46,2,2.77,clear sky
1168,1168,Turbat,PK,2022-02-01 21:01:14,26.0023,63.044,69.58,48,0,2.73,clear sky
1169,1169,Carahue,CL,2022-02-01 21:01:15,-38.7,-73.1667,70.41,55,0,8.77,clear sky
1172,1172,Half Moon Bay,US,2022-02-01 20:58:21,37.4636,-122.4286,62.19,34,0,4.0,clear sky
1173,1173,Taylor,US,2022-02-01 21:01:16,32.3001,-99.8337,71.42,42,0,8.01,clear sky
1176,1176,Minas Novas,BR,2022-02-01 21:01:17,-17.2186,-42.5903,75.02,88,100,2.08,moderate rain
1179,1179,Uvira,CD,2022-02-01 21:01:19,-3.4067,29.1458,71.67,86,100,2.68,overcast clouds
1180,1180,Marzuq,YE,2022-02-01 21:01:19,14.4,46.4667,63.43,78,53,4.56,broken clouds
1182,1182,Muyinga,BI,2022-02-01 21:01:20,-2.8333,30.3333,58.91,91,100,2.33,overcast clouds
1183,1183,Potiskum,NG,2022-02-01 21:01:20,11.7091,11.0694,62.96,20,0,9.51,clear sky
1185,1185,Rancho Palos Verdes,US,2022-02-01 21:01:21,33.7445,-118.387,66.45,69,75,1.99,broken clouds
1193,1193,Charagua,BO,2022-02-01 21:02:24,-19.8,-63.2167,70.5,87,95,4.07,overcast clouds
1196,1196,Umm Kaddadah,SD,2022-02-01 21:02:25,13.6017,26.6876,59.41,21,58,10.85,broken clouds
1201,1201,Ojinaga,MX,2022-02-01 21:02:27,29.5667,-104.4167,72.57,23,0,6.91,clear sky
1204,1204,Mandurah,AU,2022-02-01 21:02:28,-32.55,115.7,65.21,61,36,21.56,scattered clouds
1205,1205,Encruzilhada,BR,2022-02-01 21:02:29,-15.5314,-40.9094,73.45,85,96,1.61,overcast clouds
1211,1211,Mae Ramat,TH,2022-02-01 21:02:31,16.984,98.5166,56.89,63,80,1.05,broken clouds
1212,1212,Lithgow,AU,2022-02-01 21:02:31,-33.4833,150.15,64.47,95,100,2.06,moderate rain
1213,1213,Mumbwa,ZM,2022-02-01 21:02:32,-14.9783,27.0619,64.33,96,91,1.97,light rain
1214,1214,Goundam,ML,2022-02-01 21:02:32,16.4145,-3.6708,71.51,7,69,10.18,broken clouds
1215,1215,Batticaloa,LK,2022-02-01 21:01:24,7.7102,81.6924,74.57,71,0,2.91,clear sky
1216,1216,Amapa,BR,2022-02-01 21:01:08,1.0,-52.0,75.65,96,100,3.38,heavy intensity rain
1217,1217,Najran,SA,2022-02-01 21:00:51,17.4924,44.1277,64.87,37,3,3.2,clear sky
1218,1218,Gafanha Da Encarnacao,PT,2022-02-01 21:02:33,40.6181,-8.733,58.05,58,0,7.63,clear sky
1221,1221,Tubmanburg,LR,2022-02-01 21:02:34,6.8708,-10.8172,74.35,90,100,2.75,overcast clouds
1222,1222,Curup,ID,2022-02-01 21:02:35,-3.4667,102.5333,64.87,95,100,3.0,overcast clouds
1223,1223,Ban Nahin,LA,2022-02-01 21:02:35,18.2418,104.2122,60.94,88,99,4.29,overcast clouds
1225,1225,Imbituba,BR,2022-02-01 21:00:54,-28.24,-48.6703,74.86,87,57,8.88,broken clouds
1226,1226,Praia Da Vitoria,PT,2022-02-01 21:02:36,38.7333,-27.0667,58.75,84,73,13.49,broken clouds
1228,1228,Udaipur,IN,2022-02-01 21:02:37,24.5712,73.6918,60.15,50,0,3.27,clear sky
1230,1230,Murray Bridge,AU,2022-02-01 21:02:38,-35.1167,139.2667,60.69,56,2,10.0,clear sky
1237,1237,Filingue,NE,2022-02-01 21:03:41,14.3521,3.3168,67.6,10,30,10.07,scattered clouds
1238,1238,Adre,TD,2022-02-01 21:03:41,13.4667,22.2,64.53,21,5,3.87,clear sky
1243,1243,Colesberg,ZA,2022-02-01 21:03:43,-30.72,25.0972,65.12,84,100,4.9,light rain
1245,1245,Areka,ET,2022-02-01 21:01:49,7.0667,37.7,63.46,39,69,7.83,broken clouds
1246,1246,Camacupa,AO,2022-02-01 21:03:44,-12.0167,17.4833,67.82,69,96,4.34,overcast clouds
1252,1252,Sydney,AU,2022-02-01 21:03:25,-33.8679,151.2073,72.32,94,75,4.0,moderate rain
1256,1256,Bardiyah,LY,2022-02-01 21:03:48,31.7561,25.0865,56.75,52,100,21.43,overcast clouds
1260,1260,Antofagasta,CL,2022-02-01 20:59:47,-23.65,-70.4,70.88,67,1,8.88,clear sky
1264,1264,Thoen,TH,2022-02-01 21:03:50,17.6129,99.2161,64.56,39,52,2.28,broken clouds
1266,1266,Khanewal,PK,2022-02-01 21:03:51,30.3,71.9333,57.02,30,0,6.85,clear sky
1269,1269,Jibuti,DJ,2022-02-01 21:03:52,11.5,42.5,72.82,72,72,10.96,broken clouds
1270,1270,Isla Vista,US,2022-02-01 21:03:52,34.4133,-119.861,68.9,66,40,6.91,haze
1272,1272,Doka,SD,2022-02-01 21:03:53,13.5167,35.7667,73.69,42,0,8.55,clear sky
1274,1274,Yanam,IN,2022-02-01 21:03:54,16.7333,82.2167,63.97,91,4,2.55,heavy intensity rain
1275,1275,Yola,NG,2022-02-01 21:03:55,9.2,12.4833,73.31,15,19,1.83,few clouds
1276,1276,Bure,ET,2022-02-01 21:03:55,10.7,37.0667,61.77,43,57,4.65,broken clouds
1285,1285,Nkhata Bay,MW,2022-02-01 21:04:59,-11.6066,34.2907,73.99,83,58,4.38,light rain
1288,1288,Pekan,MY,2022-02-01 21:05:00,3.4836,103.3996,75.51,89,73,6.35,broken clouds
1289,1289,Methoni,GR,2022-02-01 21:05:01,36.8197,21.7049,55.22,77,100,21.09,overcast clouds
1291,1291,Madang,PG,2022-02-01 21:05:01,-5.2246,145.7966,74.8,94,100,6.51,overcast clouds
1293,1293,Tecpan,GT,2022-02-01 21:00:59,14.7623,-90.9947,61.61,64,62,6.8,broken clouds
1294,1294,Sayyan,YE,2022-02-01 21:05:03,15.1718,44.3244,55.99,36,41,5.01,scattered clouds
1297,1297,Kampene,CD,2022-02-01 21:05:04,-3.6,26.6667,69.82,88,100,1.41,overcast clouds
1308,1308,Pangkalanbuun,ID,2022-02-01 21:05:08,-2.6833,111.6167,73.89,97,75,1.36,heavy intensity rain
1310,1310,Chor,PK,2022-02-01 21:05:09,25.5167,69.7667,68.94,34,0,6.31,clear sky
1312,1312,Gamboula,CF,2022-02-01 21:05:10,4.1178,15.1393,74.17,27,79,0.96,broken clouds
1319,1319,Presidente Olegario,BR,2022-02-01 21:05:12,-18.4178,-46.4181,72.19,87,98,2.8,overcast clouds
1325,1325,Santa Rosa,PH,2022-02-01 21:05:55,14.3122,121.1114,75.85,76,35,9.19,scattered clouds
1331,1331,Murupara,NZ,2022-02-01 21:06:17,-38.4667,176.7,70.56,94,100,5.55,overcast clouds
